{"min":[0.3546900859625746,0.3026155620355507,0.29832289525529815,0.2915525427983257,0.28613202692709866,0.2834096512695185,0.2742943367912477,0.22260771301593574,0.22260771301593574,0.22260771301593574,0.22260771301593574,0.22260771301593574,0.22260771301593574,0.22260771301593574,0.22260771301593574,0.22260771301593574,0.22260771301593574,0.22260771301593574,0.22260771301593574,0.22260771301593574,0.22260771301593574,0.22260771301593574,0.22260771301593574,0.22260771301593574,0.22260771301593574,0.22260771301593574,0.22260771301593574,0.22260771301593574,0.22260771301593574,0.22260771301593574,0.22260771301593574,0.22260771301593574,0.22260771301593574,0.22260771301593574,0.22260771301593574,0.22260771301593574,0.22260771301593574,0.22260771301593574,0.22260771301593574,0.22260771301593574,0.22260771301593574,0.22260771301593574,0.22260771301593574,0.22260771301593574,0.22260771301593574,0.22260771301593574,0.22260771301593574,0.22260771301593574,0.22260771301593574,0.22260771301593574,0.22260771301593574,0.22260771301593574,0.22260771301593574,0.22260771301593574,0.22260771301593574,0.22260771301593574,0.22260771301593574,0.22260771301593574,0.22260771301593574,0.22260771301593574,0.22260771301593574,0.22260771301593574,0.22260771301593574,0.22260771301593574,0.22260771301593574,0.22260771301593574,0.22260771301593574,0.22260771301593574,0.22260771301593574,0.22260771301593574,0.22260771301593574,0.22260771301593574,0.22260771301593574,0.22260771301593574,0.22260771301593574,0.22260771301593574,0.22260771301593574,0.22260771301593574,0.22260771301593574,0.22260771301593574,0.22260771301593574,0.22260771301593574,0.22260771301593574,0.22260771301593574,0.22260771301593574,0.22260771301593574,0.22260771301593574,0.22260771301593574,0.22260771301593574,0.22260771301593574,0.22260771301593574,0.22260771301593574,0.22260771301593574,0.22260771301593574,0.22260771301593574,0.22260771301593574,0.22260771301593574,0.22260771301593574,0.22260771301593574,0.22260771301593574],"iterations":[0.3546900859625746,0.3026155620355507,0.29832289525529815,0.2915525427983257,0.28613202692709866,0.2834096512695185,0.2742943367912477,0.22260771301593574,0.6967458809958982,0.654245320256601,0.5939757855464428,0.6319685605471753,0.5214526198127957,0.6494284698090415,0.7252433980753861,0.6866478944889154,0.6227851251646461,0.643551675786255,0.6467372130706363,0.6083240127075944,0.7207129518150026,0.36236728065873475,0.22760771301593571,0.22665771301593574,0.2434041476950424,0.22440771301593573,0.27531829518707046,0.22760771301593571,0.22340771301593573,0.23761425357682414,0.22260821301593572,0.23570954343189662,0.23255111363705372,0.22340771301593573,0.22580771301593572,0.22665771301593574,0.24064172829653582,0.2238577130159357,0.22280771301593572,0.2238577130159357,0.2238577130159357,0.4080712329958842,0.23612411783873438,0.22280771301593572,0.30113065854233106,0.2396094635670541,0.26622629793765107,0.22280771301593572,0.22665771301593574,0.22440771301593573,0.22505771301593572,0.25024162287133256,0.22265771301593573,0.22408933356929545,0.224831126059414,0.23003955943039084,0.3318851025589569,0.2245707564941966,0.24250284849481285,0.2507333885687246,0.32243583523879743,0.23130362869446014,0.24628826007196417,0.22575771301593572,0.2960422740491789,0.22760771301593571,0.4718658282030006,0.3564334385257194,0.30292602527064477,0.2761630890709532,0.2238577130159357,0.22440771301593573,0.2318926162361421,0.41654853313828355,0.23075594167938182,0.22760771301593571,0.22340771301593573,0.22760771301593571,0.4981714796200399,0.6390054039427221,0.22265771301593573,0.3179445789732583,0.4308021806870729,0.22580771301593572,0.22580771301593572,0.22261221301593573,0.3035584221385977,0.22305771301593572,0.4015601517567118,0.22632484081567225,0.3298413233959495,0.22691162107419163,0.2431764977492211,0.27495025329812073,0.35997526968843435,0.27309973874608084,0.43789779131733664,0.23573657659694125,0.6222806303791502,0.4286142827892526]}