{"min":[0.6948683042722829,0.6430390982054852,0.6430390982054852,0.6430390982054852,0.6430390982054852,0.627709772659575,0.627709772659575,0.627709772659575,0.562985444979108,0.562985444979108,0.562985444979108,0.562985444979108,0.562985444979108,0.562985444979108,0.562985444979108,0.562985444979108,0.5615984230817999,0.5615984230817999,0.5615984230817999,0.5615984230817999,0.5615984230817999,0.5615984230817999,0.5615984230817999,0.5574882074825624,0.5574882074825624,0.5574882074825624,0.5574882074825624,0.5574882074825624,0.5523713781421306,0.5523713781421306,0.5523713781421306,0.5523713781421306,0.5523713781421306,0.5523713781421306,0.5523713781421306,0.5523713781421306,0.5523713781421306,0.5523713781421306,0.5481323360483471,0.5378858653897768,0.5378858653897768,0.5378858653897768,0.5378858653897768,0.5284440103959008,0.5241111985199854,0.5241111985199854,0.5241111985199854,0.5241111985199854,0.5235213229301099,0.5127782484085557,0.5127782484085557,0.5127782484085557,0.508487381267263,0.508487381267263,0.508487381267263,0.508487381267263,0.499270121114031,0.499270121114031,0.4885566383412669,0.4885566383412669,0.4885566383412669,0.4885566383412669,0.4885566383412669,0.4885566383412669,0.486651876436505,0.486651876436505,0.486651876436505,0.486651876436505,0.4826825072963284,0.4826825072963284,0.4826825072963284,0.4826825072963284,0.4826825072963284,0.4826825072963284,0.4826825072963284,0.47987282647354085,0.47987282647354085,0.47987282647354085,0.47987282647354085,0.47987282647354085,0.4759486869237322,0.44120076263369684,0.43675991511214357,0.43675991511214357,0.43675991511214357,0.43675991511214357,0.43675991511214357,0.43675991511214357,0.43675991511214357,0.43675991511214357,0.43675991511214357,0.406232639411097,0.40529938149254496,0.40529938149254496,0.40529938149254496,0.40529938149254496,0.3972512149004605,0.3972512149004605,0.3972512149004605,0.3972512149004605],"iterations":[0.6948683042722829,0.6430390982054852,0.9358518141249375,0.7153161595883579,0.7795437193257013,0.627709772659575,0.7780296627167707,0.9644004603116477,0.562985444979108,0.7478760555682427,0.7546588842730938,0.7903812370556529,0.6898410904037505,0.9070646616160203,0.7357382077215573,0.7947009644483187,0.5615984230817999,0.6207242294962334,0.928879723996963,0.6365557204835384,0.7578423337834003,0.5615984230817999,0.5658052680330056,0.5574882074825624,0.5574882074825624,0.5574882074825624,0.5576265773845138,0.5630869118373514,0.5523713781421306,0.5523713781421306,0.5523713781421306,0.5529187758789693,0.5523713781421306,0.5990359605037886,0.5918226626759866,0.5523713781421306,0.5619535513276104,0.5611105143303099,0.5481323360483471,0.5378858653897768,0.5378858653897768,0.5378858653897768,0.5378858653897768,0.5284440103959008,0.5241111985199854,0.5241111985199854,0.5241111985199854,0.5269061312370936,0.5235213229301099,0.5127782484085557,0.5127782484085557,0.5127782484085557,0.508487381267263,0.5204971133427294,0.5118641390850146,0.51785460099375,0.499270121114031,0.5015253326201465,0.4885566383412669,0.4963777018690974,0.4885566383412669,0.4885566383412669,0.5053401752665035,0.49754005147396185,0.486651876436505,0.48973009053306366,0.4908623106101745,0.49451146874559554,0.4826825072963284,0.4826825072963284,0.555683706604315,0.48496645584417875,0.4921279192192342,0.4833060900627683,0.4826825072963284,0.47987282647354085,0.4800829065822299,0.4855783524751135,0.48291515451586886,0.47987282647354085,0.4759486869237322,0.44120076263369684,0.43675991511214357,0.43675991511214357,0.4374173882463248,0.439482640464573,0.43675991511214357,0.4375621925448558,0.4563726289402514,0.4425012596185173,0.4423043638930907,0.406232639411097,0.40529938149254496,0.40566623693517173,0.40529938149254496,0.46813094676658124,0.3972512149004605,0.3972512149004605,0.431614364006532,0.39918216545058616]}